Strategy,Final Value,PnL,PnL %,Total Trades,Won,Lost,Win Rate %,Max Drawdown %,Max DD Duration (bars),Sharpe Ratio,Symbol
Keltner Tuned (ATR 2.0 + EMA),102909.11,2909.11,2.91,5,2,3,40.0,16.7,103.0,-2.119,ADANIENSOL
Keltner + EMA Cross (NEW),151047.28,51047.28,51.05,1,0,0,0.0,10.16,19.0,0.745,ADANIENSOL
Keltner Breakout (ATR 1.5),120352.92,20352.92,20.35,7,4,2,57.14,13.15,100.0,2.282,ADANIENSOL
Bollinger RSI,142580.28,42580.28,42.58,2,2,0,100.0,11.54,26.0,1.346,ADANIENSOL
Squeeze Breakout,112977.11,12977.11,12.98,3,1,2,33.33,10.3,68.0,-0.002,ADANIENSOL
Keltner Tuned (ATR 2.0 + EMA),95808.57,-4191.43,-4.19,5,1,4,20.0,15.74,193.0,-1.038,ADANIPORTS
Keltner + EMA Cross (NEW),120770.38,20770.38,20.77,3,1,1,33.33,12.89,99.0,0.547,ADANIPORTS
Keltner Breakout (ATR 1.5),102054.45,2054.45,2.05,6,1,4,16.67,11.71,148.0,-0.764,ADANIPORTS
Bollinger RSI,134044.44,34044.44,34.04,1,0,0,0.0,16.29,45.0,1.244,ADANIPORTS
Squeeze Breakout,97325.97,-2674.03,-2.67,1,0,1,0.0,2.67,127.0,-186.974,ADANIPORTS
Keltner Tuned (ATR 2.0 + EMA),135501.77,35501.77,35.5,4,2,2,50.0,19.66,117.0,1.962,ADANIPOWER
Keltner + EMA Cross (NEW),128611.44,28611.44,28.61,3,1,2,33.33,14.23,40.0,0.546,ADANIPOWER
Keltner Breakout (ATR 1.5),148452.48,48452.48,48.45,4,3,1,75.0,19.71,117.0,10.523,ADANIPOWER
Bollinger RSI,100000.0,0.0,0.0,0,0,0,0.0,0.0,0.0,0.0,ADANIPOWER
Squeeze Breakout,100461.4,461.4,0.46,5,1,4,20.0,18.71,155.0,-0.904,ADANIPOWER
Keltner Tuned (ATR 2.0 + EMA),101696.09,1696.09,1.7,3,1,2,33.33,18.38,91.0,-2.829,AMBER
Keltner + EMA Cross (NEW),96084.79,-3915.21,-3.92,1,0,1,0.0,19.29,86.0,-4.32,AMBER
Keltner Breakout (ATR 1.5),106059.11,6059.11,6.06,3,2,1,66.67,18.49,91.0,-1.863,AMBER
Bollinger RSI,100860.77,860.77,0.86,1,1,0,100.0,24.71,156.0,-0.437,AMBER
Squeeze Breakout,113364.46,13364.46,13.36,1,1,0,100.0,4.77,126.0,0.047,AMBER
Keltner Tuned (ATR 2.0 + EMA),86620.28,-13379.72,-13.38,3,1,2,33.33,29.61,183.0,-0.723,ANANTRAJ
Keltner + EMA Cross (NEW),102112.23,2112.23,2.11,2,1,0,50.0,17.02,183.0,-1.199,ANANTRAJ
Keltner Breakout (ATR 1.5),85582.01,-14417.99,-14.42,4,1,3,25.0,30.45,183.0,-0.731,ANANTRAJ
Bollinger RSI,112162.11,12162.11,12.16,1,1,0,100.0,30.06,98.0,-0.246,ANANTRAJ
Squeeze Breakout,123587.2,23587.2,23.59,4,3,1,75.0,12.67,75.0,0.429,ANANTRAJ
Keltner Tuned (ATR 2.0 + EMA),80683.54,-19316.46,-19.32,3,0,3,0.0,21.03,172.0,-19.625,APS-SM
Keltner + EMA Cross (NEW),92600.82,-7399.18,-7.4,1,0,1,0.0,11.42,47.0,-2.757,APS-SM
Keltner Breakout (ATR 1.5),80563.73,-19436.27,-19.44,3,1,2,33.33,21.22,172.0,-18.281,APS-SM
Bollinger RSI,65232.46,-34767.54,-34.77,1,0,0,0.0,47.48,172.0,-17.113,APS-SM
Squeeze Breakout,91812.61,-8187.39,-8.19,3,2,1,66.67,14.66,206.0,-2.541,APS-SM
Keltner Tuned (ATR 2.0 + EMA),125553.39,25553.39,25.55,4,1,2,25.0,14.54,174.0,0.37,ASTRAMICRO
Keltner + EMA Cross (NEW),133791.27,33791.27,33.79,5,0,4,0.0,25.86,153.0,0.476,ASTRAMICRO
Keltner Breakout (ATR 1.5),121904.73,21904.73,21.9,7,1,5,14.29,21.12,188.0,0.264,ASTRAMICRO
Bollinger RSI,100000.0,0.0,0.0,0,0,0,0.0,0.0,0.0,0.0,ASTRAMICRO
Squeeze Breakout,101661.25,1661.25,1.66,5,2,3,40.0,12.13,191.0,-0.735,ASTRAMICRO
Keltner Tuned (ATR 2.0 + EMA),104401.17,4401.17,4.4,2,0,1,0.0,7.19,115.0,-1.728,AURUM
Keltner + EMA Cross (NEW),123981.49,23981.49,23.98,1,0,0,0.0,3.99,5.0,0.458,AURUM
Keltner Breakout (ATR 1.5),102058.03,2058.03,2.06,3,0,2,0.0,10.56,115.0,-4.176,AURUM
Bollinger RSI,115392.02,15392.02,15.39,1,1,0,100.0,10.47,42.0,0.155,AURUM
Squeeze Breakout,108534.7,8534.7,8.53,6,3,3,50.0,13.77,114.0,-0.615,AURUM
Keltner Tuned (ATR 2.0 + EMA),111422.15,11422.15,11.42,3,2,1,66.67,19.66,184.0,-0.003,AVANTEL
Keltner + EMA Cross (NEW),117179.48,17179.48,17.18,1,1,0,100.0,16.95,184.0,0.243,AVANTEL
Keltner Breakout (ATR 1.5),103176.77,3176.77,3.18,4,2,2,50.0,26.39,184.0,-0.18,AVANTEL
Bollinger RSI,124987.33,24987.33,24.99,1,1,0,100.0,26.42,78.0,10.614,AVANTEL
Squeeze Breakout,82469.22,-17530.78,-17.53,3,0,3,0.0,18.1,141.0,-24.307,AVANTEL
Keltner Tuned (ATR 2.0 + EMA),91603.09,-8396.91,-8.4,2,0,2,0.0,15.99,130.0,-413.684,AWHCL
Keltner + EMA Cross (NEW),83326.89,-16673.11,-16.67,4,0,3,0.0,21.34,130.0,-3.475,AWHCL
Keltner Breakout (ATR 1.5),84337.81,-15662.19,-15.66,3,0,3,0.0,16.54,130.0,-15.895,AWHCL
Bollinger RSI,98436.75,-1563.25,-1.56,1,0,0,0.0,35.26,108.0,-1.935,AWHCL
Squeeze Breakout,117262.23,17262.23,17.26,5,3,2,60.0,17.23,65.0,0.297,AWHCL
Keltner Tuned (ATR 2.0 + EMA),122472.73,22472.73,22.47,4,3,1,75.0,15.13,140.0,1.253,AXISCADES
Keltner + EMA Cross (NEW),107683.19,7683.19,7.68,2,1,1,50.0,21.97,56.0,-0.692,AXISCADES
Keltner Breakout (ATR 1.5),134841.12,34841.12,34.84,4,3,1,75.0,12.57,137.0,1.716,AXISCADES
Bollinger RSI,157633.54,57633.54,57.63,1,1,0,100.0,24.8,37.0,1.475,AXISCADES
Squeeze Breakout,111798.03,11798.03,11.8,2,1,1,50.0,12.62,40.0,-0.102,AXISCADES
Keltner Tuned (ATR 2.0 + EMA),109804.22,9804.22,9.8,5,2,2,40.0,12.81,80.0,-0.543,BHARATFORG
Keltner + EMA Cross (NEW),125664.05,25664.05,25.66,2,2,0,100.0,12.43,80.0,0.668,BHARATFORG
Keltner Breakout (ATR 1.5),124714.2,24714.2,24.71,5,4,0,80.0,7.35,80.0,1.132,BHARATFORG
Bollinger RSI,121754.01,21754.01,21.75,1,1,0,100.0,6.87,21.0,0.402,BHARATFORG
Squeeze Breakout,104307.95,4307.95,4.31,3,1,1,33.33,9.58,154.0,-0.957,BHARATFORG
Keltner Tuned (ATR 2.0 + EMA),92072.21,-7927.79,-7.93,3,0,3,0.0,11.49,164.0,-23.248,BHARTIARTL
Keltner + EMA Cross (NEW),88316.37,-11683.63,-11.68,3,0,3,0.0,12.64,194.0,-7.134,BHARTIARTL
Keltner Breakout (ATR 1.5),89343.1,-10656.9,-10.66,6,0,5,0.0,12.87,164.0,-6.359,BHARTIARTL
Bollinger RSI,112146.8,12146.8,12.15,2,1,0,50.0,7.96,46.0,-0.206,BHARTIARTL
Squeeze Breakout,87762.67,-12237.33,-12.24,4,1,3,25.0,12.47,220.0,-19.253,BHARTIARTL
Keltner Tuned (ATR 2.0 + EMA),88745.82,-11254.18,-11.25,2,0,2,0.0,11.37,39.0,-2.155,BIRLACORPN
Keltner + EMA Cross (NEW),94200.63,-5799.37,-5.8,1,0,1,0.0,6.42,12.0,-3.242,BIRLACORPN
Keltner Breakout (ATR 1.5),82997.73,-17002.27,-17.0,3,0,3,0.0,17.12,54.0,-1.765,BIRLACORPN
Bollinger RSI,88693.46,-11306.54,-11.31,1,0,1,0.0,34.26,162.0,-2.215,BIRLACORPN
Squeeze Breakout,103047.54,3047.54,3.05,5,3,2,60.0,8.33,79.0,-0.683,BIRLACORPN
Keltner Tuned (ATR 2.0 + EMA),125265.86,25265.86,25.27,3,2,1,66.67,16.83,105.0,1.882,BSE
Keltner + EMA Cross (NEW),110336.57,10336.57,10.34,2,1,1,50.0,13.26,148.0,-0.103,BSE
Keltner Breakout (ATR 1.5),118164.6,18164.6,18.16,5,2,3,40.0,22.84,114.0,0.317,BSE
Bollinger RSI,129615.85,29615.85,29.62,1,1,0,100.0,12.89,21.0,0.561,BSE
Squeeze Breakout,101040.55,1040.55,1.04,4,1,3,25.0,22.69,209.0,-1.034,BSE
Keltner Tuned (ATR 2.0 + EMA),93729.85,-6270.15,-6.27,3,1,2,33.33,12.64,150.0,-4.85,CAMS
Keltner + EMA Cross (NEW),84559.77,-15440.23,-15.44,4,0,3,0.0,15.46,169.0,-4.316,CAMS
Keltner Breakout (ATR 1.5),99698.23,-301.77,-0.3,4,1,3,25.0,10.85,142.0,-1.526,CAMS
Bollinger RSI,111000.45,11000.45,11.0,1,1,0,100.0,23.13,194.0,-0.24,CAMS
Squeeze Breakout,87105.29,-12894.71,-12.89,4,0,4,0.0,12.92,169.0,-6.99,CAMS
Keltner Tuned (ATR 2.0 + EMA),105152.12,5152.12,5.15,3,1,1,33.33,12.28,133.0,-1.054,CENTUM
Keltner + EMA Cross (NEW),101594.96,1594.96,1.59,1,1,0,100.0,16.37,204.0,-7.151,CENTUM
Keltner Breakout (ATR 1.5),100249.19,249.19,0.25,5,2,2,40.0,21.13,133.0,-7.358,CENTUM
Bollinger RSI,158457.13,58457.13,58.46,2,2,0,100.0,14.05,75.0,2.649,CENTUM
Squeeze Breakout,76204.49,-23795.51,-23.8,6,1,4,16.67,29.93,141.0,-67.631,CENTUM
Keltner Tuned (ATR 2.0 + EMA),106723.34,6723.34,6.72,4,3,1,75.0,11.25,108.0,-3.36,CGPOWER
Keltner + EMA Cross (NEW),102305.34,2305.34,2.31,2,1,1,50.0,7.13,197.0,-4.639,CGPOWER
Keltner Breakout (ATR 1.5),107010.01,7010.01,7.01,5,4,1,80.0,12.71,108.0,-2.799,CGPOWER
Bollinger RSI,116067.52,16067.52,16.07,1,1,0,100.0,21.8,50.0,0.154,CGPOWER
Squeeze Breakout,114861.49,14861.49,14.86,4,2,2,50.0,6.94,77.0,7.559,CGPOWER
Keltner Tuned (ATR 2.0 + EMA),85170.05,-14829.95,-14.83,4,1,3,25.0,20.15,117.0,-2.235,COALINDIA
Keltner + EMA Cross (NEW),98737.11,-1262.89,-1.26,1,0,1,0.0,7.05,22.0,-11.294,COALINDIA
Keltner Breakout (ATR 1.5),87921.48,-12078.52,-12.08,6,1,5,16.67,13.97,117.0,-14.916,COALINDIA
Bollinger RSI,100000.0,0.0,0.0,0,0,0,0.0,0.0,0.0,0.0,COALINDIA
Squeeze Breakout,94102.64,-5897.36,-5.9,3,0,3,0.0,8.33,101.0,-5.354,COALINDIA
Keltner Tuned (ATR 2.0 + EMA),96184.67,-3815.33,-3.82,6,4,2,66.67,12.78,160.0,-2.812,CUMMINSIND
Keltner + EMA Cross (NEW),104262.95,4262.95,4.26,1,1,0,100.0,8.69,85.0,-2.05,CUMMINSIND
Keltner Breakout (ATR 1.5),103405.61,3405.61,3.41,6,4,2,66.67,12.48,85.0,-8.571,CUMMINSIND
Bollinger RSI,117297.94,17297.94,17.3,1,1,0,100.0,3.26,91.0,0.248,CUMMINSIND
Squeeze Breakout,93075.92,-6924.08,-6.92,6,3,3,50.0,15.87,160.0,-3.68,CUMMINSIND
Keltner Tuned (ATR 2.0 + EMA),288738.92,188738.92,188.74,4,3,0,75.0,34.41,121.0,1.12,CUPID
Keltner + EMA Cross (NEW),83611.45,-16388.55,-16.39,1,0,1,0.0,16.39,78.0,-1.793,CUPID
Keltner Breakout (ATR 1.5),303325.31,203325.31,203.33,5,3,1,60.0,43.61,118.0,1.162,CUPID
Bollinger RSI,100000.0,0.0,0.0,0,0,0,0.0,0.0,0.0,0.0,CUPID
Squeeze Breakout,78675.74,-21324.26,-21.32,1,0,1,0.0,21.32,82.0,-1.61,CUPID
Keltner Tuned (ATR 2.0 + EMA),105350.92,5350.92,5.35,2,1,1,50.0,6.91,76.0,-19.99,DEEPAKNTR
Keltner + EMA Cross (NEW),106358.19,6358.19,6.36,1,1,0,100.0,11.78,40.0,-1.045,DEEPAKNTR
Keltner Breakout (ATR 1.5),102555.33,2555.33,2.56,4,2,2,50.0,12.06,83.0,-28.536,DEEPAKNTR
Bollinger RSI,110866.54,10866.54,10.87,2,1,1,50.0,17.82,162.0,-0.062,DEEPAKNTR
Squeeze Breakout,104484.77,4484.77,4.48,3,2,0,66.67,11.08,65.0,-8.019,DEEPAKNTR
Keltner Tuned (ATR 2.0 + EMA),108091.49,8091.49,8.09,2,0,1,0.0,16.13,31.0,-0.607,EFFWA-ST
Keltner + EMA Cross (NEW),96161.51,-3838.49,-3.84,1,0,1,0.0,10.09,157.0,-4.387,EFFWA-ST
Keltner Breakout (ATR 1.5),118123.6,18123.6,18.12,4,1,2,25.0,17.3,104.0,0.288,EFFWA-ST
Bollinger RSI,128634.78,28634.78,28.63,1,1,0,100.0,21.48,44.0,0.546,EFFWA-ST
Squeeze Breakout,79323.08,-20676.92,-20.68,4,1,3,25.0,24.7,157.0,-1.596,EFFWA-ST
Keltner Tuned (ATR 2.0 + EMA),93834.15,-6165.85,-6.17,1,0,1,0.0,11.0,202.0,-3.108,ELIN
Keltner + EMA Cross (NEW),92790.31,-7209.69,-7.21,1,0,1,0.0,7.95,99.0,-2.803,ELIN
Keltner Breakout (ATR 1.5),90407.97,-9592.03,-9.59,2,1,1,50.0,20.97,202.0,-1.68,ELIN
Bollinger RSI,66379.56,-33620.44,-33.62,1,0,0,0.0,39.55,101.0,-1.387,ELIN
Squeeze Breakout,113519.05,13519.05,13.52,4,2,1,50.0,15.61,112.0,0.031,ELIN
Keltner Tuned (ATR 2.0 + EMA),106609.88,6609.88,6.61,1,1,0,100.0,10.24,39.0,-0.967,ELLEN
Keltner + EMA Cross (NEW),102902.93,2902.93,2.9,1,1,0,100.0,17.84,39.0,-3.478,ELLEN
Keltner Breakout (ATR 1.5),116096.36,16096.36,16.1,1,1,0,100.0,10.02,39.0,0.192,ELLEN
Bollinger RSI,54042.32,-45957.68,-45.96,1,0,0,0.0,61.17,189.0,-9.054,ELLEN
Squeeze Breakout,113368.95,13368.95,13.37,5,3,2,60.0,15.25,29.0,0.063,ELLEN
Keltner Tuned (ATR 2.0 + EMA),113604.56,13604.56,13.6,3,1,1,33.33,14.29,110.0,0.052,FIVESTAR
Keltner + EMA Cross (NEW),108030.63,8030.63,8.03,2,0,1,0.0,11.06,163.0,-0.322,FIVESTAR
Keltner Breakout (ATR 1.5),122990.03,22990.03,22.99,3,1,1,33.33,9.72,109.0,0.379,FIVESTAR
Bollinger RSI,105847.91,5847.91,5.85,2,2,0,100.0,23.61,57.0,-1.281,FIVESTAR
Squeeze Breakout,135153.4,35153.4,35.15,5,3,1,60.0,10.37,72.0,0.742,FIVESTAR
Keltner Tuned (ATR 2.0 + EMA),91116.52,-8883.48,-8.88,3,1,2,33.33,16.86,214.0,-3.162,FORCEMOT
Keltner + EMA Cross (NEW),79304.17,-20695.83,-20.7,4,1,3,25.0,21.16,165.0,-3.491,FORCEMOT
Keltner Breakout (ATR 1.5),90074.6,-9925.4,-9.93,5,2,3,40.0,22.31,214.0,-3.041,FORCEMOT
Bollinger RSI,100000.0,0.0,0.0,0,0,0,0.0,0.0,0.0,0.0,FORCEMOT
Squeeze Breakout,101411.74,1411.74,1.41,3,1,2,33.33,13.22,43.0,-0.573,FORCEMOT
Keltner Tuned (ATR 2.0 + EMA),101116.03,1116.03,1.12,5,2,3,40.0,11.58,198.0,-1.013,FORTIS
Keltner + EMA Cross (NEW),94572.15,-5427.85,-5.43,1,0,1,0.0,9.01,85.0,-3.395,FORTIS
Keltner Breakout (ATR 1.5),107876.28,7876.28,7.88,5,3,2,60.0,11.18,173.0,-0.253,FORTIS
Bollinger RSI,102832.37,2832.37,2.83,1,0,0,0.0,17.37,45.0,-0.617,FORTIS
Squeeze Breakout,99008.54,-991.46,-0.99,1,0,1,0.0,5.26,173.0,-14.112,FORTIS
Keltner Tuned (ATR 2.0 + EMA),88354.59,-11645.41,-11.65,5,1,4,20.0,18.31,113.0,-2.025,GESHIP
Keltner + EMA Cross (NEW),99184.98,-815.02,-0.82,3,1,2,33.33,16.92,79.0,-3.666,GESHIP
Keltner Breakout (ATR 1.5),83914.53,-16085.47,-16.09,7,1,6,14.29,18.39,118.0,-1.419,GESHIP
Bollinger RSI,100000.0,0.0,0.0,0,0,0,0.0,0.0,0.0,0.0,GESHIP
Squeeze Breakout,88590.89,-11409.11,-11.41,5,1,4,20.0,13.64,195.0,-1.96,GESHIP
Keltner Tuned (ATR 2.0 + EMA),96416.21,-3583.79,-3.58,2,1,1,50.0,8.62,46.0,-4.627,GIPCL
Keltner + EMA Cross (NEW),91428.96,-8571.04,-8.57,3,1,2,33.33,10.32,98.0,-2.517,GIPCL
Keltner Breakout (ATR 1.5),99106.85,-893.15,-0.89,2,1,1,50.0,8.62,46.0,-15.555,GIPCL
Bollinger RSI,93727.6,-6272.4,-6.27,1,0,1,0.0,37.9,206.0,-0.815,GIPCL
Squeeze Breakout,99277.11,-722.89,-0.72,2,1,1,50.0,7.17,123.0,-1.247,GIPCL
Keltner Tuned (ATR 2.0 + EMA),115815.92,15815.92,15.82,4,2,2,50.0,22.93,106.0,0.203,GOLDBEES
Keltner + EMA Cross (NEW),92829.49,-7170.51,-7.17,1,0,1,0.0,7.17,37.0,-2.813,GOLDBEES
Keltner Breakout (ATR 1.5),113193.77,13193.77,13.19,5,2,3,40.0,22.93,106.0,0.004,GOLDBEES
Bollinger RSI,105876.05,5876.05,5.88,1,0,0,0.0,12.31,36.0,-1.212,GOLDBEES
Squeeze Breakout,88362.87,-11637.13,-11.64,4,0,4,0.0,14.4,136.0,-2.535,GOLDBEES
Keltner Tuned (ATR 2.0 + EMA),93205.06,-6794.94,-6.79,3,1,2,33.33,13.3,178.0,-2.778,GPECO-ST
Keltner + EMA Cross (NEW),103418.63,3418.63,3.42,2,0,1,0.0,14.09,159.0,-0.622,GPECO-ST
Keltner Breakout (ATR 1.5),93985.15,-6014.85,-6.01,3,1,2,33.33,13.3,179.0,-5.162,GPECO-ST
Bollinger RSI,117337.04,17337.04,17.34,1,1,0,100.0,29.62,67.0,0.25,GPECO-ST
Squeeze Breakout,107705.15,7705.15,7.71,4,2,2,50.0,14.25,111.0,-0.202,GPECO-ST
Keltner Tuned (ATR 2.0 + EMA),106231.23,6231.23,6.23,2,1,1,50.0,8.54,137.0,-0.83,HAL
Keltner + EMA Cross (NEW),87608.16,-12391.84,-12.39,2,0,2,0.0,14.47,194.0,-3.067,HAL
Keltner Breakout (ATR 1.5),96285.76,-3714.24,-3.71,4,1,3,25.0,12.49,149.0,-8.557,HAL
Bollinger RSI,130112.37,30112.37,30.11,2,2,0,100.0,5.71,134.0,2.212,HAL
Squeeze Breakout,86130.65,-13869.35,-13.87,6,1,5,16.67,17.47,209.0,-15.427,HAL
Keltner Tuned (ATR 2.0 + EMA),178044.22,78044.22,78.04,3,2,1,66.67,26.71,106.0,1.034,HINDCOPPER
Keltner + EMA Cross (NEW),129931.27,29931.27,29.93,1,1,0,100.0,11.17,181.0,0.566,HINDCOPPER
Keltner Breakout (ATR 1.5),159296.01,59296.01,59.3,5,2,3,40.0,30.27,106.0,0.843,HINDCOPPER
Bollinger RSI,117072.02,17072.02,17.07,1,1,0,100.0,6.65,199.0,0.239,HINDCOPPER
Squeeze Breakout,97984.76,-2015.24,-2.02,4,1,3,25.0,16.81,190.0,-0.972,HINDCOPPER
Keltner Tuned (ATR 2.0 + EMA),94962.95,-5037.05,-5.04,5,2,3,40.0,24.15,108.0,-0.596,HINDZINC
Keltner + EMA Cross (NEW),116267.3,16267.3,16.27,3,2,1,66.67,21.62,108.0,0.156,HINDZINC
Keltner Breakout (ATR 1.5),109948.07,9948.07,9.95,5,4,1,80.0,20.99,108.0,-0.019,HINDZINC
Bollinger RSI,127812.22,27812.22,27.81,2,1,0,50.0,9.18,10.0,0.533,HINDZINC
Squeeze Breakout,87343.1,-12656.9,-12.66,2,0,2,0.0,12.66,151.0,-5.157,HINDZINC
Keltner Tuned (ATR 2.0 + EMA),71709.6,-28290.4,-28.29,2,0,2,0.0,30.4,82.0,-1.46,JINDRILL
Keltner + EMA Cross (NEW),77257.41,-22742.59,-22.74,3,1,2,33.33,30.59,207.0,-2.168,JINDRILL
Keltner Breakout (ATR 1.5),73598.43,-26401.57,-26.4,4,0,4,0.0,28.98,81.0,-1.472,JINDRILL
Bollinger RSI,110131.06,10131.06,10.13,1,1,0,100.0,23.36,70.0,-0.409,JINDRILL
Squeeze Breakout,79521.18,-20478.82,-20.48,3,0,3,0.0,27.23,91.0,-2.179,JINDRILL
Keltner Tuned (ATR 2.0 + EMA),98347.74,-1652.26,-1.65,3,0,2,0.0,9.91,191.0,-3.632,JSWINFRA
Keltner + EMA Cross (NEW),90748.35,-9251.65,-9.25,2,0,2,0.0,16.01,191.0,-7.462,JSWINFRA
Keltner Breakout (ATR 1.5),100999.73,999.73,1.0,4,0,3,0.0,11.49,182.0,-2.327,JSWINFRA
Bollinger RSI,112324.89,12324.89,12.32,1,1,0,100.0,18.11,112.0,-0.087,JSWINFRA
Squeeze Breakout,95373.13,-4626.87,-4.63,6,0,5,0.0,16.42,191.0,-3.161,JSWINFRA
Keltner Tuned (ATR 2.0 + EMA),97078.91,-2921.09,-2.92,3,0,2,0.0,16.8,177.0,-7.585,KDDL
Keltner + EMA Cross (NEW),90796.11,-9203.89,-9.2,4,0,3,0.0,22.18,182.0,-9.664,KDDL
Keltner Breakout (ATR 1.5),97640.96,-2359.04,-2.36,4,0,3,0.0,18.09,97.0,-5.736,KDDL
Bollinger RSI,123505.0,23505.0,23.51,1,1,0,100.0,20.3,64.0,1.662,KDDL
Squeeze Breakout,64801.48,-35198.52,-35.2,6,1,5,16.67,40.69,206.0,-1.48,KDDL
Keltner Tuned (ATR 2.0 + EMA),147334.56,47334.56,47.33,3,0,2,0.0,28.9,137.0,0.584,KERNEX
Keltner + EMA Cross (NEW),173623.1,73623.1,73.62,2,0,1,0.0,17.29,65.0,0.75,KERNEX
Keltner Breakout (ATR 1.5),127292.32,27292.32,27.29,5,0,4,0.0,38.57,154.0,0.354,KERNEX
Bollinger RSI,170675.79,70675.79,70.68,1,1,0,100.0,2.85,3.0,0.816,KERNEX
Squeeze Breakout,106439.58,6439.58,6.44,3,2,1,66.67,11.72,75.0,-1.906,KERNEX
Keltner Tuned (ATR 2.0 + EMA),90886.41,-9113.59,-9.11,3,1,1,33.33,15.81,84.0,-2.426,KIMS
Keltner + EMA Cross (NEW),96909.63,-3090.37,-3.09,1,0,1,0.0,14.31,84.0,-5.207,KIMS
Keltner Breakout (ATR 1.5),110455.36,10455.36,10.46,3,2,0,66.67,10.94,44.0,-0.243,KIMS
Bollinger RSI,112364.67,12364.67,12.36,1,1,0,100.0,19.88,80.0,0.061,KIMS
Squeeze Breakout,98763.23,-1236.77,-1.24,5,2,2,40.0,9.55,97.0,-1.286,KIMS
Keltner Tuned (ATR 2.0 + EMA),94112.7,-5887.3,-5.89,2,1,1,50.0,10.23,46.0,-3.208,KIRLOSBROS
Keltner + EMA Cross (NEW),86202.45,-13797.55,-13.8,2,0,2,0.0,14.64,196.0,-3.826,KIRLOSBROS
Keltner Breakout (ATR 1.5),94772.44,-5227.56,-5.23,2,1,1,50.0,10.32,46.0,-3.487,KIRLOSBROS
Bollinger RSI,104220.44,4220.44,4.22,1,1,0,100.0,25.17,149.0,-0.249,KIRLOSBROS
Squeeze Breakout,93969.32,-6030.68,-6.03,6,2,4,33.33,27.89,141.0,-1.086,KIRLOSBROS
Keltner Tuned (ATR 2.0 + EMA),79927.37,-20072.63,-20.07,7,2,4,28.57,25.07,153.0,-3.023,KIRLOSENG
Keltner + EMA Cross (NEW),169507.44,69507.44,69.51,2,1,0,50.0,14.28,83.0,2.293,KIRLOSENG
Keltner Breakout (ATR 1.5),99169.74,-830.26,-0.83,9,3,5,33.33,17.01,143.0,-0.658,KIRLOSENG
Bollinger RSI,100000.0,0.0,0.0,0,0,0,0.0,0.0,0.0,0.0,KIRLOSENG
Squeeze Breakout,88121.51,-11878.49,-11.88,2,0,2,0.0,12.56,212.0,-18.752,KIRLOSENG
Keltner Tuned (ATR 2.0 + EMA),126404.17,26404.17,26.4,2,1,0,50.0,15.16,16.0,0.508,KIRLPNU
Keltner + EMA Cross (NEW),97024.41,-2975.59,-2.98,1,0,1,0.0,2.98,119.0,-5.369,KIRLPNU
Keltner Breakout (ATR 1.5),121854.94,21854.94,21.85,4,1,2,25.0,15.16,56.0,0.405,KIRLPNU
Bollinger RSI,111007.63,11007.63,11.01,1,1,0,100.0,11.76,47.0,-0.039,KIRLPNU
Squeeze Breakout,104338.83,4338.83,4.34,6,2,4,33.33,16.77,162.0,-5.528,KIRLPNU
Keltner Tuned (ATR 2.0 + EMA),89440.68,-10559.32,-10.56,1,0,1,0.0,14.58,94.0,-2.231,LTFOODS
Keltner + EMA Cross (NEW),79282.94,-20717.06,-20.72,2,0,2,0.0,24.28,94.0,-1.628,LTFOODS
Keltner Breakout (ATR 1.5),89440.68,-10559.32,-10.56,1,0,1,0.0,14.58,94.0,-2.231,LTFOODS
Bollinger RSI,112722.25,12722.25,12.72,1,0,0,0.0,15.77,94.0,-0.022,LTFOODS
Squeeze Breakout,97485.67,-2514.33,-2.51,4,2,2,50.0,10.9,209.0,-2.709,LTFOODS
Keltner Tuned (ATR 2.0 + EMA),126515.43,26515.43,26.52,3,3,0,100.0,19.52,106.0,2.56,MCX
Keltner + EMA Cross (NEW),146434.51,46434.51,46.43,1,1,0,100.0,16.35,106.0,1.063,MCX
Keltner Breakout (ATR 1.5),113691.24,13691.24,13.69,4,3,1,75.0,27.68,106.0,0.053,MCX
Bollinger RSI,100000.0,0.0,0.0,0,0,0,0.0,0.0,0.0,0.0,MCX
Squeeze Breakout,85560.42,-14439.58,-14.44,4,1,3,25.0,28.15,106.0,-2.715,MCX
Keltner Tuned (ATR 2.0 + EMA),273613.87,173613.87,173.61,4,3,1,75.0,12.84,55.0,2.818,MTARTECH-BE
Keltner + EMA Cross (NEW),186852.27,86852.27,86.85,2,2,0,100.0,17.36,84.0,16.511,MTARTECH-BE
Keltner Breakout (ATR 1.5),250059.93,150059.93,150.06,6,3,3,50.0,23.24,50.0,2.436,MTARTECH-BE
Bollinger RSI,115220.25,15220.25,15.22,1,1,0,100.0,11.84,25.0,0.146,MTARTECH-BE
Squeeze Breakout,111711.13,11711.13,11.71,3,1,2,33.33,12.77,61.0,-0.11,MTARTECH-BE
Keltner Tuned (ATR 2.0 + EMA),89430.68,-10569.32,-10.57,2,0,2,0.0,13.45,184.0,-6.915,ORISSAMINE
Keltner + EMA Cross (NEW),74505.31,-25494.69,-25.49,4,0,4,0.0,25.8,184.0,-6.752,ORISSAMINE
Keltner Breakout (ATR 1.5),82821.22,-17178.78,-17.18,3,0,3,0.0,19.85,184.0,-11.324,ORISSAMINE
Bollinger RSI,84523.49,-15476.51,-15.48,1,0,0,0.0,37.55,123.0,-0.882,ORISSAMINE
Squeeze Breakout,99037.32,-962.68,-0.96,3,1,2,33.33,11.39,108.0,-0.919,ORISSAMINE
Keltner Tuned (ATR 2.0 + EMA),102105.28,2105.28,2.11,2,1,1,50.0,9.06,157.0,-0.723,OSWALPUMPS
Keltner + EMA Cross (NEW),107557.92,7557.92,7.56,2,1,0,50.0,20.71,54.0,-0.72,OSWALPUMPS
Keltner Breakout (ATR 1.5),99128.49,-871.51,-0.87,4,1,3,25.0,16.98,157.0,-8.159,OSWALPUMPS
Bollinger RSI,65385.69,-34614.31,-34.61,1,0,1,0.0,54.7,156.0,-16.081,OSWALPUMPS
Squeeze Breakout,179782.93,79782.93,79.78,4,3,1,75.0,10.34,54.0,2.075,OSWALPUMPS
Keltner Tuned (ATR 2.0 + EMA),79827.27,-20172.73,-20.17,3,1,1,33.33,23.95,148.0,-4.233,PATILAUTOM-ST
Keltner + EMA Cross (NEW),87263.45,-12736.55,-12.74,1,0,1,0.0,14.28,148.0,-2.021,PATILAUTOM-ST
Keltner Breakout (ATR 1.5),91062.32,-8937.68,-8.94,3,1,1,33.33,18.34,106.0,-0.988,PATILAUTOM-ST
Bollinger RSI,119554.14,19554.14,19.55,1,1,0,100.0,41.54,107.0,0.503,PATILAUTOM-ST
Squeeze Breakout,75485.94,-24514.06,-24.51,4,0,3,0.0,27.5,195.0,-4.657,PATILAUTOM-ST
Keltner Tuned (ATR 2.0 + EMA),97770.21,-2229.79,-2.23,3,1,2,33.33,18.64,156.0,-1.416,POCL
Keltner + EMA Cross (NEW),92909.51,-7090.49,-7.09,1,0,1,0.0,15.57,123.0,-1.301,POCL
Keltner Breakout (ATR 1.5),98507.89,-1492.11,-1.49,5,1,4,20.0,16.27,184.0,-0.546,POCL
Bollinger RSI,100000.0,0.0,0.0,0,0,0,0.0,0.0,0.0,0.0,POCL
Squeeze Breakout,110021.13,10021.13,10.02,3,1,2,33.33,11.09,76.0,-0.213,POCL
Keltner Tuned (ATR 2.0 + EMA),156627.08,56627.08,56.63,3,2,1,66.67,14.02,46.0,0.744,POWERINDIA
Keltner + EMA Cross (NEW),95589.7,-4410.3,-4.41,1,0,1,0.0,14.4,145.0,-3.948,POWERINDIA
Keltner Breakout (ATR 1.5),152534.63,52534.63,52.53,4,2,2,50.0,15.18,65.0,0.618,POWERINDIA
Bollinger RSI,136579.63,36579.63,36.58,1,1,0,100.0,3.84,5.0,0.645,POWERINDIA
Squeeze Breakout,111231.42,11231.42,11.23,2,1,1,50.0,6.6,118.0,-0.105,POWERINDIA
Keltner Tuned (ATR 2.0 + EMA),73871.95,-26128.05,-26.13,3,0,3,0.0,26.78,191.0,-2.397,RBMINFRA-SM
Keltner + EMA Cross (NEW),86108.47,-13891.53,-13.89,1,0,1,0.0,19.51,52.0,-1.936,RBMINFRA-SM
Keltner Breakout (ATR 1.5),79853.57,-20146.43,-20.15,4,1,3,25.0,24.5,191.0,-53.914,RBMINFRA-SM
Bollinger RSI,117185.37,17185.37,17.19,3,2,0,66.67,32.24,40.0,0.184,RBMINFRA-SM
Squeeze Breakout,86229.88,-13770.12,-13.77,4,1,3,25.0,20.96,201.0,-3.837,RBMINFRA-SM
Keltner Tuned (ATR 2.0 + EMA),121189.65,21189.65,21.19,3,0,2,0.0,13.52,126.0,0.263,RRKABEL
Keltner + EMA Cross (NEW),166852.2,66852.2,66.85,2,1,0,50.0,12.1,73.0,1.682,RRKABEL
Keltner Breakout (ATR 1.5),133490.6,33490.6,33.49,5,1,3,20.0,16.94,123.0,0.607,RRKABEL
Bollinger RSI,100000.0,0.0,0.0,0,0,0,0.0,0.0,0.0,0.0,RRKABEL
Squeeze Breakout,89641.17,-10358.83,-10.36,3,0,3,0.0,12.45,192.0,-2.255,RRKABEL
Keltner Tuned (ATR 2.0 + EMA),115624.12,15624.12,15.62,5,1,3,20.0,28.31,192.0,0.164,SANGHVIMOV
Keltner + EMA Cross (NEW),142300.45,42300.45,42.3,4,1,2,25.0,30.58,166.0,0.696,SANGHVIMOV
Keltner Breakout (ATR 1.5),127446.5,27446.5,27.45,5,2,2,40.0,23.62,188.0,0.516,SANGHVIMOV
Bollinger RSI,124223.9,24223.9,24.22,1,1,0,100.0,36.47,100.0,2.348,SANGHVIMOV
Squeeze Breakout,122868.97,22868.97,22.87,2,1,1,50.0,13.35,192.0,0.432,SANGHVIMOV
Keltner Tuned (ATR 2.0 + EMA),113872.76,13872.76,13.87,4,2,1,50.0,18.92,133.0,0.13,SCHNEIDER
Keltner + EMA Cross (NEW),94050.03,-5949.97,-5.95,1,0,1,0.0,6.06,197.0,-3.185,SCHNEIDER
Keltner Breakout (ATR 1.5),98750.69,-1249.31,-1.25,6,2,3,33.33,25.11,134.0,-0.268,SCHNEIDER
Bollinger RSI,143128.96,43128.96,43.13,1,1,0,100.0,7.3,91.0,0.699,SCHNEIDER
Squeeze Breakout,102965.03,2965.03,2.97,4,1,3,25.0,20.95,127.0,-0.246,SCHNEIDER
Keltner Tuned (ATR 2.0 + EMA),171226.31,71226.31,71.23,1,0,0,0.0,6.64,11.0,0.0,SHADOWFAX
Keltner + EMA Cross (NEW),100000.0,0.0,0.0,0,0,0,0.0,0.0,0.0,0.0,SHADOWFAX
Keltner Breakout (ATR 1.5),179166.42,79166.42,79.17,1,0,0,0.0,6.77,11.0,0.0,SHADOWFAX
Bollinger RSI,100000.0,0.0,0.0,0,0,0,0.0,0.0,0.0,0.0,SHADOWFAX
Squeeze Breakout,93147.9,-6852.1,-6.85,1,0,1,0.0,8.93,75.0,0.0,SHADOWFAX
Keltner Tuned (ATR 2.0 + EMA),113041.29,13041.29,13.04,2,2,0,100.0,9.02,22.0,0.003,SKIPPER
Keltner + EMA Cross (NEW),97276.71,-2723.29,-2.72,1,0,1,0.0,2.72,166.0,-5.774,SKIPPER
Keltner Breakout (ATR 1.5),109491.35,9491.35,9.49,5,2,2,40.0,12.78,159.0,-0.058,SKIPPER
Bollinger RSI,90849.99,-9150.01,-9.15,1,0,1,0.0,32.36,155.0,-2.476,SKIPPER
Squeeze Breakout,123665.49,23665.49,23.67,3,2,1,66.67,9.44,71.0,0.829,SKIPPER
Keltner Tuned (ATR 2.0 + EMA),131701.17,31701.17,31.7,1,1,0,100.0,13.33,15.0,0.59,SOTL
Keltner + EMA Cross (NEW),93078.5,-6921.5,-6.92,2,0,2,0.0,7.59,194.0,-6.626,SOTL
Keltner Breakout (ATR 1.5),134353.47,34353.47,34.35,2,1,1,50.0,13.21,84.0,0.583,SOTL
Bollinger RSI,114952.47,14952.47,14.95,1,1,0,100.0,24.98,85.0,0.208,SOTL
Squeeze Breakout,91639.27,-8360.73,-8.36,4,1,3,25.0,14.52,141.0,-4.381,SOTL
Keltner Tuned (ATR 2.0 + EMA),128577.4,28577.4,28.58,3,3,0,100.0,10.34,36.0,0.545,SPORTKING
Keltner + EMA Cross (NEW),195197.28,95197.28,95.2,1,0,0,0.0,10.55,24.0,0.863,SPORTKING
Keltner Breakout (ATR 1.5),131679.52,31679.52,31.68,3,3,0,100.0,10.49,36.0,0.59,SPORTKING
Bollinger RSI,99867.9,-132.1,-0.13,1,0,1,0.0,23.16,185.0,-0.516,SPORTKING
Squeeze Breakout,105115.58,5115.58,5.12,5,2,3,40.0,23.5,121.0,-0.157,SPORTKING
Keltner Tuned (ATR 2.0 + EMA),132874.77,32874.77,32.87,5,2,3,40.0,41.67,176.0,0.471,STALLION
Keltner + EMA Cross (NEW),110107.55,10107.55,10.11,1,0,0,0.0,10.35,12.0,-0.286,STALLION
Keltner Breakout (ATR 1.5),178407.1,78407.1,78.41,5,3,2,60.0,37.72,176.0,1.205,STALLION
Bollinger RSI,131917.61,31917.61,31.92,1,1,0,100.0,19.51,25.0,0.593,STALLION
Squeeze Breakout,100000.0,0.0,0.0,0,0,0,0.0,0.0,0.0,0.0,STALLION
Keltner Tuned (ATR 2.0 + EMA),108591.46,8591.46,8.59,2,1,1,50.0,26.41,50.0,-0.513,STLNETWORK-BE
Keltner + EMA Cross (NEW),117838.74,17838.74,17.84,1,1,0,100.0,20.46,50.0,0.271,STLNETWORK-BE
Keltner Breakout (ATR 1.5),97921.02,-2078.98,-2.08,3,1,2,33.33,26.41,50.0,-7.253,STLNETWORK-BE
Bollinger RSI,115359.96,15359.96,15.36,1,1,0,100.0,29.92,41.0,0.19,STLNETWORK-BE
Squeeze Breakout,115711.36,15711.36,15.71,2,2,0,100.0,11.93,65.0,0.173,STLNETWORK-BE
Keltner Tuned (ATR 2.0 + EMA),109892.73,9892.73,9.89,4,0,3,0.0,17.18,201.0,-0.014,STOVEKRAFT
Keltner + EMA Cross (NEW),100000.0,0.0,0.0,0,0,0,0.0,0.0,0.0,0.0,STOVEKRAFT
Keltner Breakout (ATR 1.5),92798.49,-7201.51,-7.2,6,1,4,16.67,30.07,212.0,-0.721,STOVEKRAFT
Bollinger RSI,107283.42,7283.42,7.28,1,1,0,100.0,25.8,137.0,-0.763,STOVEKRAFT
Squeeze Breakout,108435.35,8435.35,8.44,5,2,3,40.0,14.15,201.0,-0.065,STOVEKRAFT
Keltner Tuned (ATR 2.0 + EMA),113811.49,13811.49,13.81,2,1,1,50.0,11.14,128.0,0.068,SWELECTES
Keltner + EMA Cross (NEW),92099.56,-7900.44,-7.9,2,0,1,0.0,7.9,26.0,-2.645,SWELECTES
Keltner Breakout (ATR 1.5),125617.11,25617.11,25.62,2,2,0,100.0,10.96,123.0,0.953,SWELECTES
Bollinger RSI,89557.25,-10442.75,-10.44,1,0,1,0.0,29.83,152.0,-1.392,SWELECTES
Squeeze Breakout,131332.31,31332.31,31.33,2,2,0,100.0,11.32,50.0,0.942,SWELECTES
Keltner Tuned (ATR 2.0 + EMA),129112.94,29112.94,29.11,1,1,0,100.0,8.14,25.0,0.553,THERMAX
Keltner + EMA Cross (NEW),96325.06,-3674.94,-3.67,1,0,1,0.0,5.58,121.0,-4.609,THERMAX
Keltner Breakout (ATR 1.5),109032.63,9032.63,9.03,4,1,3,25.0,16.54,63.0,-0.439,THERMAX
Bollinger RSI,120972.88,20972.88,20.97,1,1,0,100.0,9.09,58.0,0.482,THERMAX
Squeeze Breakout,96558.96,-3441.04,-3.44,4,1,3,25.0,9.62,112.0,-5.923,THERMAX
Keltner Tuned (ATR 2.0 + EMA),94493.14,-5506.86,-5.51,1,0,1,0.0,27.05,40.0,-3.361,TIGERLOGS-BE
Keltner + EMA Cross (NEW),111648.35,11648.35,11.65,1,1,0,100.0,29.55,40.0,-0.116,TIGERLOGS-BE
Keltner Breakout (ATR 1.5),96002.06,-3997.94,-4.0,2,1,1,50.0,27.59,47.0,-4.252,TIGERLOGS-BE
Bollinger RSI,113159.11,13159.11,13.16,1,1,0,100.0,34.51,51.0,-0.017,TIGERLOGS-BE
Squeeze Breakout,143187.29,43187.29,43.19,4,2,2,50.0,16.08,61.0,0.624,TIGERLOGS-BE
Keltner Tuned (ATR 2.0 + EMA),67077.37,-32922.63,-32.92,3,0,3,0.0,33.33,202.0,-3.69,VILAS-SM
Keltner + EMA Cross (NEW),63895.13,-36104.87,-36.1,5,0,4,0.0,36.5,202.0,-3.629,VILAS-SM
Keltner Breakout (ATR 1.5),83906.55,-16093.45,-16.09,3,1,2,33.33,19.59,202.0,-5.149,VILAS-SM
Bollinger RSI,95611.76,-4388.24,-4.39,1,0,1,0.0,28.49,172.0,-0.749,VILAS-SM
Squeeze Breakout,82303.54,-17696.46,-17.7,4,1,3,25.0,21.12,202.0,-7.95,VILAS-SM
Keltner Tuned (ATR 2.0 + EMA),85436.25,-14563.75,-14.56,1,0,1,0.0,14.56,47.0,-1.893,VPRPL-BE
Keltner + EMA Cross (NEW),100000.0,0.0,0.0,0,0,0,0.0,0.0,0.0,0.0,VPRPL-BE
Keltner Breakout (ATR 1.5),80729.55,-19270.45,-19.27,2,0,2,0.0,23.03,54.0,-1.675,VPRPL-BE
Bollinger RSI,25518.76,-74481.24,-74.48,1,0,0,0.0,76.55,209.0,-7.506,VPRPL-BE
Squeeze Breakout,135169.65,35169.65,35.17,1,1,0,100.0,6.31,125.0,0.622,VPRPL-BE
Keltner Tuned (ATR 2.0 + EMA),118182.5,18182.5,18.18,2,1,1,50.0,14.35,102.0,0.202,WOCKPHARMA
Keltner + EMA Cross (NEW),82558.85,-17441.15,-17.44,3,0,3,0.0,17.44,197.0,-3.495,WOCKPHARMA
Keltner Breakout (ATR 1.5),117015.42,17015.42,17.02,3,1,2,33.33,16.79,102.0,0.176,WOCKPHARMA
Bollinger RSI,106410.08,6410.08,6.41,1,1,0,100.0,28.03,188.0,-0.746,WOCKPHARMA
Squeeze Breakout,99680.9,-319.1,-0.32,2,1,1,50.0,10.82,125.0,-1.629,WOCKPHARMA
Keltner Tuned (ATR 2.0 + EMA),174279.48,74279.48,74.28,3,2,0,66.67,14.17,173.0,0.956,ATHERENERG
Keltner + EMA Cross (NEW),90033.91,-9966.09,-9.97,1,0,1,0.0,15.51,125.0,-0.995,ATHERENERG
Keltner Breakout (ATR 1.5),171892.32,71892.32,71.89,6,3,2,50.0,23.12,173.0,0.961,ATHERENERG
Bollinger RSI,100000.0,0.0,0.0,0,0,0,0.0,0.0,0.0,0.0,ATHERENERG
Squeeze Breakout,99975.04,-24.96,-0.02,3,1,2,33.33,12.89,67.0,-521.866,ATHERENERG
Keltner Tuned (ATR 2.0 + EMA),132872.88,32872.88,32.87,2,0,1,0.0,4.92,17.0,0.605,CAPLIPOINT
Keltner + EMA Cross (NEW),90659.21,-9340.79,-9.34,1,0,1,0.0,9.34,101.0,-2.392,CAPLIPOINT
Keltner Breakout (ATR 1.5),112914.02,12914.02,12.91,5,1,3,20.0,19.02,195.0,0.078,CAPLIPOINT
Bollinger RSI,125351.11,25351.11,25.35,1,1,0,100.0,6.14,36.0,0.487,CAPLIPOINT
Squeeze Breakout,90401.73,-9598.27,-9.6,3,0,3,0.0,11.77,194.0,-3.195,CAPLIPOINT
Keltner Tuned (ATR 2.0 + EMA),98636.09,-1363.91,-1.36,4,1,3,25.0,16.54,84.0,-10.531,SOLARINDS
Keltner + EMA Cross (NEW),96234.53,-3765.47,-3.77,1,0,1,0.0,14.44,80.0,-4.452,SOLARINDS
Keltner Breakout (ATR 1.5),97506.47,-2493.53,-2.49,5,1,3,20.0,16.35,84.0,-6.214,SOLARINDS
Bollinger RSI,122210.22,22210.22,22.21,1,1,0,100.0,6.42,23.0,0.398,SOLARINDS
Squeeze Breakout,91402.1,-8597.9,-8.6,3,1,2,33.33,11.13,133.0,-17.131,SOLARINDS
